Trial Number,Suggestion Number,Clock Period (ns) Entered,Clock_Min_Period,Clock Slack (ns),Clock_Worst_Slack,Number of Heads,Number of Columns,Max Context Length,Gbus width,Total Period (ns),ABC Max Fanout,ABC Map Effort,Power (W),Area (um^2),Total Cells,Sequential Cells,Combinational Cells,Sequential_Internal,Sequential_Switching,Sequential_Leakage,Sequential_Total,Combinational_Internal,Combinational_Switching,Combinational_Leakage,Combinational_Total,Num_Wires,Num_Wire_Bits,Num_Public_Wires,Num_Public_Wire_Bits,Num_Cells,Chip_Area,Num_Memories,Num_Memory_Bits,Num_Processes,Total Time(s)
1,0,6,4.072,1.713,1.713,12,1,704,64,5.785,N/A,N/A,15.3,75876126.220826,10225476,1934340,8291136,13.2,0.102,1.57e-05,13.3,0.897,1.32,1.16e-05,2.22,10226411,10268596,1942559,1984744,10225476,75876126.220826,0,0,0,2880
10,0,6,3.924,1.869,1.869,6,1,256,64,5.793,N/A,N/A,3.11,12196632.537591,1700430,303618,1396812,2.27,0.0788,2.49e-06,2.35,0.348,0.424,2.31e-06,0.772,1700885,1722034,307697,328846,1700430,12196632.537591,0,0,0,791
11,0,6,3.763,2.038,2.038,3,4,928,16,5.801,N/A,N/A,2.2,8738742.396796,1230232,214848,1015384,1.55,0.0318,1.76e-06,1.58,0.262,0.363,1.67e-06,0.624,1232181,1245566,218028,231413,1230232,8738742.396796,0,0,0,364
12,0,6,4.117,1.667,1.667,2,1,480,32,5.784,N/A,N/A,0.523,2303839.564799,322650,57062,265588,0.414,0.0104,4.68e-07,0.425,0.0428,0.0557,4.49e-07,0.0986,322897,326868,57863,61834,322650,2303839.564799,0,0,0,192
13,0,6,3.892,1.903,1.903,1,8,224,64,5.795,N/A,N/A,2.61,8831334.950395,1243665,211800,1031865,1.64,0.0766,1.75e-06,1.71,0.41,0.493,2.04e-06,0.903,1244728,1271793,217199,244264,1243665,8831334.950395,0,0,0,558
14,0,6,3.813,1.986,1.986,1,9,864,64,5.799,N/A,N/A,2.99,10311174.233595,1452769,248067,1204702,1.91,0.0855,2.05e-06,1.99,0.453,0.55,2.37e-06,1.0,1453976,1484405,254162,284591,1452769,10311174.233595,0,0,0,641
15,0,6,3.733,2.071,2.071,4,2,32,16,5.804,N/A,N/A,0.89,2740938.7776,395158,62336,332822,0.49,0.0241,5.23e-07,0.514,0.163,0.213,6.53e-07,0.376,396416,405463,64416,73463,395158,2740938.7776,0,0,0,165
15,1,6,3.81,1.99,1.99,9,4,544,16,5.8,N/A,N/A,8.16,37898363.785575,5298844,948672,4350172,6.61,0.0873,7.77e-06,6.7,0.608,0.901,6.45e-06,1.51,5304747,5344628,958296,998177,5298844,37898363.785575,0,0,0,1217
16,0,6,4.198,1.581,1.581,4,3,672,32,5.779,N/A,N/A,3.14,13379993.724793,1877003,330084,1546919,2.4,0.0628,2.71e-06,2.46,0.295,0.399,2.61e-06,0.695,1878904,1901237,335048,357381,1877003,13379993.724793,0,0,0,734
17,0,6,4.042,1.745,1.745,3,1,704,16,5.787,N/A,N/A,1.02,4840053.244799,659292,121680,537612,0.846,0.00691,9.88e-07,0.852,0.0659,0.0979,7.88e-07,0.164,659735,663295,122474,126034,659292,4840053.244799,0,0,0,282
18,0,6,3.847,1.95,1.95,8,2,608,32,5.797,N/A,N/A,6.83,32763800.582399,4539130,833328,3705802,5.78,0.0689,6.8e-06,5.85,0.401,0.615,5.49e-06,1.02,4541544,4571615,839944,870015,4539130,32763800.582399,0,0,0,1184
19,0,6,3.817,1.982,1.982,5,2,864,64,5.799,N/A,N/A,5.65,24103797.45279,3345462,605870,2739592,4.32,0.089,4.95e-06,4.41,0.55,0.722,4.53e-06,1.27,3346817,3380716,612952,646851,3345462,24103797.45279,0,0,0,1067
19,1,6,3.539,2.275,2.275,2,4,160,32,5.814,N/A,N/A,1.32,4867683.494399,690166,115608,574558,0.882,0.0365,9.61e-07,0.919,0.178,0.227,1.13e-06,0.405,691424,706327,118864,133767,690166,4867683.494399,0,0,0,291
2,0,6,3.979,1.811,1.811,16,1,320,64,5.79,N/A,N/A,14.2,67555811.379173,9320176,1727152,7593024,12.0,0.145,1.41e-05,12.1,0.903,1.31,1.08e-05,2.22,9321431,9377612,1738103,1794284,9320176,67555811.379173,0,0,0,2477
2,1,6,4.207,1.571,1.571,5,6,864,32,5.778,N/A,N/A,7.15,29975368.755188,4195021,740730,3454291,5.41,0.157,6.11e-06,5.57,0.715,0.933,5.73e-06,1.65,4200088,4255043,753288,808243,4195021,29975368.755188,0,0,0,1583
20,0,6,3.886,1.909,1.909,3,1,256,128,5.795,N/A,N/A,2.1,7882214.668797,1110126,191670,918456,1.45,0.0509,1.58e-06,1.5,0.271,0.33,1.7e-06,0.601,1110037,1130159,195355,215477,1110126,7882214.668797,0,0,0,583
21,0,6,3.921,1.872,1.872,8,2,864,32,5.793,N/A,N/A,8.67,42775042.156826,5911642,1095472,4816170,7.53,0.0679,8.94e-06,7.6,0.427,0.692,6.85e-06,1.12,5914056,5944127,1102088,1132159,5911642,42775042.156826,0,0,0,1489
22,0,6,3.796,2.004,2.004,3,1,448,128,5.8,N/A,N/A,2.27,8888614.886396,1244403,219318,1025085,1.63,0.0523,1.8e-06,1.68,0.265,0.324,1.81e-06,0.589,1244314,1264439,223006,243131,1244403,8888614.886396,0,0,0,683
23,0,6,3.82,1.979,1.979,8,3,480,32,5.7989999999999995,N/A,N/A,7.11,32214618.87358,4476211,807624,3668587,5.69,0.098,6.62e-06,5.79,0.567,0.798,5.9e-06,1.37,4480072,4524545,817632,862105,4476211,32214618.87358,0,0,0,1252
23,1,6,4.07,1.716,1.716,5,2,352,128,5.7860000000000005,N/A,N/A,6.12,26812451.516788,3724157,656820,3067337,4.82,0.138,5.42e-06,4.96,0.544,0.656,5.45e-06,1.2,3725224,3789239,669824,733839,3724157,26812451.516788,0,0,0,1510
24,0,6,3.656,2.151,2.151,4,20,160,16,5.807,N/A,N/A,7.53,25560364.415998,3727224,582400,3144824,4.54,0.225,4.92e-06,4.76,1.23,1.59,5.96e-06,2.82,3740632,3827755,603336,690459,3727224,25560364.415998,0,0,0,1514
25,0,6,4.0,1.79,1.79,3,4,544,32,5.79,N/A,N/A,2.5,9725333.615999,1371895,236388,1135507,1.78,0.0663,1.95e-06,1.84,0.291,0.37,2.07e-06,0.661,1373828,1396065,241340,263577,1371895,9725333.615999,0,0,0,588
25,1,6,4.234,1.543,1.543,1,1,960,32,5.777,N/A,N/A,0.259,1153515.062399,161628,28531,133097,0.206,0.00483,2.34e-07,0.211,0.0206,0.0275,2.26e-07,0.0482,161755,163783,28934,30962,161628,1153515.062399,0,0,0,138
25,2,6,3.79,2.011,2.011,3,2,64,32,5.801,N/A,N/A,1.03,3716127.811199,525869,88242,437627,0.68,0.0307,7.34e-07,0.711,0.141,0.175,8.57e-07,0.316,526758,538099,90678,102019,525869,3716127.811199,0,0,0,232
26,0,6,3.877,1.918,1.918,4,4,640,16,5.795,N/A,N/A,2.82,11129175.011196,1572116,272128,1299988,1.97,0.0443,2.23e-06,2.02,0.337,0.469,2.15e-06,0.806,1574724,1592519,276376,294171,1572116,11129175.011196,0,0,0,461
27,0,6,3.81,1.99,1.99,4,8,384,16,5.8,N/A,N/A,3.68,13489089.606399,1937392,314880,1622512,2.39,0.0963,2.63e-06,2.49,0.524,0.669,3.07e-06,1.19,1942700,1977863,323336,358499,1937392,13489089.606399,0,0,0,778
28,0,6,3.916,1.878,1.878,4,4,512,16,5.794,N/A,N/A,2.67,9832811.695998,1394964,239360,1155604,1.79,0.0592,1.97e-06,1.85,0.352,0.47,1.91e-06,0.822,1397572,1415351,243592,261371,1394964,9832811.695998,0,0,0,578
28,1,6,3.897,1.898,1.898,12,2,992,32,5.795,N/A,N/A,20.5,103519761.158317,14252966,2601672,11651294,17.9,0.105,2.06e-05,18.0,1.12,1.68,1.66e-05,2.81,14256600,14301655,2611632,2656687,14252966,103519761.158317,0,0,0,3567
28,2,6,3.761,2.041,2.041,3,2,864,16,5.802,N/A,N/A,1.51,6609064.867196,925067,165024,760043,1.16,0.0162,1.34e-06,1.18,0.133,0.2,1.15e-06,0.333,926012,932849,166616,173453,925067,6609064.867196,0,0,0,324
29,0,6,3.933,1.86,1.86,1,2,928,32,5.793,N/A,N/A,0.41,1687065.5296,237450,41190,196260,0.306,0.00993,3.4e-07,0.316,0.0421,0.0526,3.68e-07,0.0948,237729,241614,41989,45874,237450,1687065.5296,0,0,0,143
3,0,6,3.64,2.169,2.169,2,8,704,64,5.809,N/A,N/A,5.66,19183430.93119,2697452,461488,2235964,3.59,0.172,3.83e-06,3.77,0.869,1.04,4.43e-06,1.91,2700058,2753177,472808,525927,2697452,19183430.93119,0,0,0,1170
30,0,6,3.852,1.945,1.945,5,32,576,16,5.797,N/A,N/A,15.9,57498139.023997,8334717,1313280,7021437,10.1,0.433,1.11e-05,10.5,2.49,3.17,1.39e-05,5.66,8361728,8535745,1355608,1529625,8334717,57498139.023997,0,0,0,3217
30,1,6,3.924,1.87,1.87,7,20,960,16,5.7940000000000005,N/A,N/A,17.6,71462804.745595,10210367,1700160,8510207,12.6,0.4,1.42e-05,13.0,2.16,2.73,1.45e-05,4.89,10234056,10386557,1737568,1890069,10210367,71462804.745595,0,0,0,3724
31,0,6,3.676,2.131,2.131,1,3,288,32,5.807,N/A,N/A,0.476,1856111.408,263347,44121,219226,0.335,0.0128,3.67e-07,0.348,0.0569,0.0711,4.31e-07,0.128,263778,269515,45310,51047,263347,1856111.408,0,0,0,131
32,0,6,3.824,1.975,1.975,4,16,896,16,5.7989999999999995,N/A,N/A,7.61,28195331.558397,4050804,662528,3388276,5.05,0.213,5.53e-06,5.27,1.05,1.35,6.16e-06,2.41,4061512,4131475,679464,749427,4050804,28195331.558397,0,0,0,1679
33,0,6,3.995,1.795,1.795,11,4,544,16,5.79,N/A,N/A,12.3,60516400.025559,8442724,1531200,6911524,10.5,0.0969,1.25e-05,10.6,0.687,1.08,9.55e-06,1.76,8449945,8498698,1543012,1591765,8442724,60516400.025559,0,0,0,1834
34,0,6,4.249,1.527,1.527,7,1,928,16,5.776,N/A,N/A,6.16,31057041.164778,4168570,803600,3364970,5.45,0.0166,6.51e-06,5.46,0.229,0.489,3.88e-06,0.718,4169573,4177823,805429,813679,4168570,31057041.164778,0,0,0,1358
34,1,6,3.986,1.804,1.804,4,1,224,64,5.79,N/A,N/A,1.75,6571337.433596,920564,161452,759112,1.21,0.0448,1.33e-06,1.26,0.222,0.27,1.44e-06,0.492,920859,935004,164159,178304,920564,6571337.433596,0,0,0,488
35,0,6,3.845,1.953,1.953,8,2,896,32,5.798,N/A,N/A,8.9,44060194.720031,6080506,1128240,4952266,7.75,0.0678,9.2e-06,7.82,0.431,0.703,6.95e-06,1.13,6082920,6112991,1134856,1164927,6080506,44060194.720031,0,0,0,1562
36,0,6,4.126,1.656,1.656,16,4,960,16,5.782,N/A,N/A,40.7,199341017.590458,26972996,5151744,21821252,37.3,0.123,3.93e-05,37.4,1.24,2.39,2.84e-05,3.63,26983512,27054483,5169064,5240035,26972996,199341017.590458,0,0,0,5055
37,0,6,3.973,1.818,1.818,5,8,768,32,5.791,N/A,N/A,8.31,34251916.553593,4819033,834040,3984993,6.23,0.217,6.92e-06,6.45,0.874,1.08,7.46e-06,1.95,4825884,4898861,850784,923761,4819033,34251916.553593,0,0,0,1850
38,0,6,3.704,2.101,2.101,2,3,96,16,5.805,N/A,N/A,0.659,2041568.0256,294745,46752,247993,0.363,0.0167,3.92e-07,0.379,0.121,0.159,4.94e-07,0.28,295706,302461,48314,55069,294745,2041568.0256,0,0,0,131
38,1,6,4.023,1.765,1.765,13,4,480,128,5.787999999999999,N/A,N/A,40.0,161435480.675117,22624372,3981224,18643148,30.7,1.13,3.15e-05,31.8,4.56,5.3,3.1e-05,9.86,22633919,22958176,4051212,4375469,22624372,161435480.675117,0,0,0,8953
38,2,6,4.19,1.59,1.59,13,4,160,32,5.78,N/A,N/A,10.7,45630523.289589,6418689,1117532,5301157,8.14,0.228,9.26e-06,8.36,1.07,1.41,9.06e-06,2.48,6427372,6522841,1139336,1234805,6418689,45630523.289589,0,0,0,2307
39,0,6,3.838,1.96,1.96,5,1,928,128,5.798,N/A,N/A,5.52,24888288.591993,3449675,629210,2820465,4.46,0.0786,5.13e-06,4.53,0.433,0.578,4.4e-06,1.01,3449586,3482953,635426,668793,3449675,24888288.591993,0,0,0,1305
4,0,6,3.715,2.089,2.089,4,5,160,64,5.804,N/A,N/A,6.77,23293790.591988,3280757,561500,2719257,4.32,0.194,4.66e-06,4.51,1.04,1.26,5.38e-06,2.3,3284136,3350277,575844,641985,3280757,23293790.591988,0,0,0,1308
40,0,6,3.92,1.873,1.873,3,1,1024,32,5.793,N/A,N/A,1.48,7262637.945603,1002477,186969,815508,1.3,0.0113,1.52e-06,1.31,0.0646,0.105,1.18e-06,0.17,1002844,1008764,188173,194093,1002477,7262637.945603,0,0,0,479
40,1,6,4.095,1.69,1.69,16,1,928,32,5.785,N/A,N/A,30.7,153982561.485681,20532560,4011824,16520736,28.5,0.0603,3.09e-05,28.6,0.739,1.72,1.76e-05,2.46,20534487,20565724,4018231,4049468,20532560,153982561.485681,0,0,0,5716
41,0,6,4.036,1.752,1.752,10,4,416,16,5.787999999999999,N/A,N/A,9.18,43813694.556773,6121964,1100160,5021804,7.63,0.0916,9.02e-06,7.72,0.607,0.904,7.21e-06,1.51,6128526,6172861,1110896,1155231,6121964,43813694.556773,0,0,0,1377
42,0,6,4.151,1.63,1.63,3,3,672,32,5.781,N/A,N/A,2.12,8732675.327997,1224090,215307,1008783,1.58,0.0463,1.77e-06,1.63,0.214,0.279,1.71e-06,0.493,1225501,1242305,219016,235820,1224090,8732675.327997,0,0,0,492
43,0,6,3.999,1.79,1.79,1,32,672,32,5.789,N/A,N/A,4.85,18214696.838397,2581852,431712,2150140,3.29,0.14,3.61e-06,3.43,0.639,0.792,4.18e-06,1.43,2586691,2646188,444263,503760,2581852,18214696.838397,0,0,0,967
44,0,6,3.857,1.941,1.941,14,1,128,32,5.798,N/A,N/A,4.94,23262240.332785,3232908,585802,2647106,4.09,0.0545,4.77e-06,4.15,0.326,0.492,4.05e-06,0.818,3234595,3261896,591381,618682,3232908,23262240.332785,0,0,0,861
45,0,6,3.833,1.965,1.965,2,12,864,16,5.798,N/A,N/A,2.89,9328855.862399,1343382,217728,1125654,1.67,0.0764,1.81e-06,1.75,0.494,0.644,2.13e-06,1.14,1347304,1373799,224000,250495,1343382,9328855.862399,0,0,0,524
46,0,6,3.703,2.102,2.102,12,4,416,32,5.805,N/A,N/A,13.5,63399976.854362,8826064,1590672,7235392,11.2,0.19,1.31e-05,11.4,0.946,1.35,1.12e-05,2.3,8834072,8922267,1610840,1699035,8826064,63399976.854362,0,0,0,2194
47,0,6,4.204,1.575,1.575,9,8,864,32,5.779,N/A,N/A,18.6,83616542.393554,11717765,2068056,9649709,15.0,0.355,1.69e-05,15.4,1.56,2.05,1.58e-05,3.62,11730276,11861269,2098440,2229433,11717765,83616542.393554,0,0,0,4015
48,0,6,3.827,1.972,1.972,7,4,32,16,5.7989999999999995,N/A,N/A,3.08,9418415.507199,1357920,214592,1143328,1.67,0.0834,1.8e-06,1.75,0.576,0.748,2.24e-06,1.32,1362505,1393418,221932,252845,1357920,9418415.507199,0,0,0,511
49,0,6,4.002,1.787,1.787,4,1,448,128,5.789,N/A,N/A,3.22,12994012.287994,1816016,321096,1494920,2.37,0.0714,2.64e-06,2.44,0.352,0.438,2.68e-06,0.789,1815927,1842668,326043,352784,1816016,12994012.287994,0,0,0,909
5,0,6,3.991,1.799,1.799,1,1,512,16,5.79,N/A,N/A,0.153,613040.4544,87015,14960,72055,0.11,0.00305,1.23e-07,0.113,0.017,0.0227,1.19e-07,0.0397,87178,88397,15236,16455,87015,613040.4544,0,0,0,74
50,0,6,3.818,1.981,1.981,3,2,544,16,5.799,N/A,N/A,1.18,4822786.684797,679709,118944,560765,0.85,0.016,9.73e-07,0.866,0.128,0.183,9.06e-07,0.311,680654,687485,120530,127361,679709,4822786.684797,0,0,0,241
50,1,6,4.032,1.756,1.756,4,2,672,64,5.788,N/A,N/A,3.91,15314846.902389,2135874,380248,1755626,2.81,0.0911,3.12e-06,2.91,0.457,0.564,2.98e-06,1.02,2136940,2164107,385888,413055,2135874,15314846.902389,0,0,0,939
50,2,6,3.824,1.975,1.975,10,1,128,64,5.7989999999999995,N/A,N/A,4.78,18797052.863987,2624790,465070,2159720,3.43,0.107,3.82e-06,3.54,0.561,0.703,3.8e-06,1.26,2625565,2660714,471885,507034,2624790,18797052.863987,0,0,0,1083
51,0,6,3.814,1.985,1.985,10,5,640,128,5.799,N/A,N/A,35.7,145794962.67833,20404575,3604100,16800475,27.3,0.888,2.84e-05,28.2,4.07,4.86,2.76e-05,8.93,20414250,20724999,3671570,3982319,20404575,145794962.67833,0,0,0,8109
52,0,6,4.141,1.641,1.641,5,1,896,16,5.782,N/A,N/A,3.2,16330649.888002,2242535,412720,1829815,2.82,0.0108,3.32e-06,2.83,0.145,0.233,2.54e-06,0.378,2243258,2249166,414033,419941,2242535,16330649.888002,0,0,0,791
53,0,6,4.21,1.568,1.568,5,6,672,32,5.7780000000000005,N/A,N/A,6.58,27202922.259192,3818611,663930,3154681,4.87,0.149,5.48e-06,5.02,0.7,0.913,5.51e-06,1.61,3823678,3878633,676488,731443,3818611,27202922.259192,0,0,0,1422
54,0,6,3.754,2.049,2.049,5,2,64,16,5.803,N/A,N/A,1.51,5554811.254399,789157,134240,654917,0.996,0.0292,1.11e-06,1.03,0.208,0.278,1.08e-06,0.486,790728,802045,136868,148185,789157,5554811.254399,0,0,0,269
55,0,6,4.139,1.643,1.643,9,4,288,32,5.782,N/A,N/A,9.95,45486435.097571,6349657,1142316,5207341,8.13,0.174,9.4e-06,8.31,0.738,0.999,7.8e-06,1.74,6355640,6421857,1157420,1223637,6349657,45486435.097571,0,0,0,1920
56,0,6,4.169,1.612,1.612,16,2,992,16,5.781,N/A,N/A,34.8,175052123.865396,23452562,4541952,18910610,32.5,0.0551,3.48e-05,32.6,0.767,1.76,1.93e-05,2.53,23457576,23493791,4550504,4586719,23452562,175052123.865396,0,0,0,4619
57,0,6,4.146,1.636,1.636,6,1,736,16,5.782,N/A,N/A,3.8,18400409.952001,2521494,464544,2056950,3.18,0.016,3.74e-06,3.2,0.232,0.379,2.87e-06,0.611,2522357,2529430,466109,473182,2521494,18400409.952001,0,0,0,894
58,0,6,3.871,1.925,1.925,6,6,864,16,5.796,N/A,N/A,6.65,30013366.447983,4222872,741312,3481560,5.23,0.0896,6.08e-06,5.32,0.564,0.805,5.51e-06,1.37,4228840,4268495,750916,790571,4222872,30013366.447983,0,0,0,1096
59,0,6,4.195,1.584,1.584,8,2,160,32,5.779,N/A,N/A,3.71,15240254.111995,2139258,374576,1764682,2.76,0.0851,3.08e-06,2.84,0.385,0.503,3.03e-06,0.888,2141672,2171711,381160,411199,2139258,15240254.111995,0,0,0,814
6,0,6,4.029,1.759,1.759,9,1,480,32,5.788,N/A,N/A,5.92,29033112.556796,3917520,740619,3176901,5.08,0.0377,6.01e-06,5.12,0.324,0.506,4.53e-06,0.83,3918607,3936206,744226,761825,3917520,29033112.556796,0,0,0,1258
60,0,6,4.05,1.737,1.737,12,4,384,16,5.787,N/A,N/A,12.7,63640058.361552,8889076,1602816,7286260,11.0,0.0827,1.31e-05,11.0,0.69,1.08,1.02e-05,1.77,8896956,8950175,1615752,1668971,8889076,63640058.361552,0,0,0,1689
61,0,6,3.66,2.147,2.147,13,16,160,16,5.807,N/A,N/A,32.8,143900514.502326,20303637,3544320,16759317,25.9,0.441,2.8e-05,26.4,2.87,4.02,2.49e-05,6.89,20338960,20565489,3600264,3826793,20303637,143900514.502326,0,0,0,4634
61,1,6,4.105,1.679,1.679,2,12,960,32,5.784000000000001,N/A,N/A,4.35,15863237.852797,2249302,377544,1871758,2.91,0.133,3.14e-06,3.04,0.591,0.721,3.64e-06,1.31,2253256,2297351,387384,431479,2249302,15863237.852797,0,0,0,886
62,0,6,3.965,1.826,1.826,13,4,192,64,5.791,N/A,N/A,20.5,76343697.158358,10697938,1872572,8825366,14.3,0.577,1.55e-05,14.9,2.78,3.32,1.62e-05,6.1,10706909,10878554,1910368,2082013,10697938,76343697.158358,0,0,0,4482
63,0,6,3.868,1.928,1.928,5,4,832,16,5.795999999999999,N/A,N/A,4.39,18821100.927988,2640464,468160,2172304,3.29,0.0516,3.81e-06,3.35,0.427,0.634,3.33e-06,1.06,2643731,2665956,473496,495721,2640464,18821100.927988,0,0,0,712
64,0,6,4.061,1.725,1.725,6,5,800,64,5.786,N/A,N/A,13.3,50574865.305566,7073093,1241610,5831483,9.36,0.346,1.03e-05,9.71,1.73,2.1,1.1e-05,3.84,7078304,7177271,1263356,1362323,7073093,50574865.305566,0,0,0,2973
7,0,6,3.948,1.844,1.844,8,1,416,16,5.792,N/A,N/A,3.9,18629707.366412,2512104,480128,2031976,3.3,0.0222,3.87e-06,3.32,0.212,0.375,2.82e-06,0.587,2513247,2522652,482207,491612,2512104,18629707.366412,0,0,0,809
8,0,6,3.796,2.004,2.004,2,1,640,128,5.8,N/A,N/A,1.49,5827699.225597,815772,144164,671608,1.06,0.0327,1.18e-06,1.1,0.176,0.217,1.18e-06,0.393,815683,829192,146593,160102,815772,5827699.225597,0,0,0,528
9,0,6,4.083,1.702,1.702,15,1,288,32,5.785,N/A,N/A,9.78,48393513.215994,6526995,1234365,5292630,8.44,0.0612,1.01e-05,8.5,0.532,0.832,7.38e-06,1.36,6528802,6558077,1240372,1269647,6526995,48393513.215994,0,0,0,1807
